association_id,accession_id,mapped_genes,target_overlap,p_value,or_value,beta,risk_variant,reported_trait,first_author,pubmed_id
217413952,GCST90828116,LRRK2,LRRK2,1e-34,,-,rs146373824,Parkinson's disease,Lin CH,41810385
217413907,GCST90828116,SNCA,SNCA,4e-37,,-,rs34806123,Parkinson's disease,Lin CH,41810385
217413865,GCST90707270,LRRK2,LRRK2,5e-12,1.52,-,rs34778348,Parkinson's disease,Lin CH,41810385
217413861,GCST90707270,LRRK2,LRRK2,1e-06,1.59,-,rs146373824,Parkinson's disease,Lin CH,41810385
217413856,GCST90707270,SNCA,SNCA,9.000000000000001e-09,1.2,-,rs2619341,Parkinson's disease,Lin CH,41810385
163387939,GCST90480008,LRRK2,LRRK2,7e-17,,1.594 unit decrease,rs34637584,Parkinson's disease,Verma A,39024449
163387934,GCST90480008,SNCA,SNCA,6.000000000000001e-13,,0.1157 unit increase,rs356183,Parkinson's disease,Verma A,39024449
163371126,GCST90479727,LRRK2,LRRK2,3e-12,,1.805 unit decrease,rs34637584,Parkinson's disease,Verma A,39024449
163181173,GCST90475830,SNCA,SNCA,3e-12,,0.112 unit increase,rs356183,Parkinson's disease,Verma A,39024449
163181168,GCST90475830,LRRK2,LRRK2,2e-11,,1.638 unit decrease,rs34637584,Parkinson's disease,Verma A,39024449
143582647,GCST90455618,LRRK2,LRRK2,7e-12,,2.27 unit increase,rs34637584,Parkinson's disease,Doostparast Torshizi A,39080267
143582634,GCST90455618,SNCA,SNCA,3e-12,,0.18 unit increase,rs1372519,Parkinson's disease,Doostparast Torshizi A,39080267
143582608,GCST90455618,GBA1,GBA1,1e-18,,0.4 unit increase,rs2230288,Parkinson's disease,Doostparast Torshizi A,39080267
131764724,GCST90428733,NTRK1,NTRK1,3e-06,,0.896 unit decrease,rs58519469,Parkinson disease,Rahman MA,37842648
131764570,GCST90428733,GBA1,GBA1,2.9999999999999998e-90,,4.113 unit decrease,rs76763715,Parkinson disease,Rahman MA,37842648
130471453,GCST90320242,GBA1,GBA1,2e-14,1.58,-,rs3115534,Parkinson's disease,Rizig M,37633302
130470998,GCST90320240,SNCA,SNCA,4e-11,,-,rs356182,Parkinson's disease,Andrews SV,38014556
119263621,GCST90308590,SNCA,SNCA,2e-79,,-,rs1372518,Parkinson's disease,Kim JJ,38155330
119263616,GCST90308590,SNCA,SNCA,4e-170,,-,rs356182,Parkinson's disease,Kim JJ,38155330
119263423,GCST90308590,NOD2,NOD2,1e-09,,-,rs34133110,Parkinson's disease,Kim JJ,38155330
